fila,zona,numero,establecimiento_id,establecimiento,reclamo,rubro,fecha,estado,tarea
4,7,Z7-001,305,ESC. NORMAL SUPERIOR DR. AGUSTIN GARZON AGULLA,,ALBAÑILERIA,2026-03-02,finalizado,"Poner en funcionamiento y evaluar equipos de aire acondicionado piso-techo del salón. Reparar fuga de gas, realizar prueba de presión, recargar refrigerante, limpiar y realizar service en equipo operativo. Verificar equipos con fallas y dejar constancia de necesidad de reemplazo o reparación. 
Reponer luces de emergencia vandalizadas, reacondicionar canalización existente y ordenar cableado. Colocar 4 ventiladores nuevos en aulas y area de gobierno designados con inspección, con canalización, cableado, punto y toma. Reparar los 6 ventiladores existentes en salón de actos."
5,7,Z7-002,305,ESC. NORMAL SUPERIOR DR. AGUSTIN GARZON AGULLA,,ELECTRICIDAD,2026-03-02,finalizado,"Reparar superficies deterioradas por filtraciones mediante trabajos de revoque en muros y cielorrasos. 
Aplicar pintura completa en el interior del salón de actos."
6,7,Z7-003,305,ESC. NORMAL SUPERIOR DR. AGUSTIN GARZON AGULLA,,ALBAÑILERIA,2026-03-02,finalizado,"Realizar pintura en pasillos de planta baja, primer y segundo piso, en muros y cielorrasos, con reparaciones puntuales de revoques. En muros, aplicar pintura sintética color marfil desde nivel de piso hasta 2,00 m de altura y, desde ese nivel hasta cielorraso, aplicar pintura látex color blanco. En cielorrasos, aplicar pintura látex color blanco. Colocar pizarrones existentes en distintos sectores del establecimiento."
7,7,Z7-004,305,ESC. NORMAL SUPERIOR DR. AGUSTIN GARZON AGULLA,,ELECTRICIDAD,2026-03-02,finalizado,"Reordenar instalación eléctrica y de datos en hall de ingreso, retirando tendidos fuera de uso y ejecutando nueva canalización y cableado para timbre, luz de emergencia y tomacorrientes. Reubicar ventilador existente. Reponer luminarias y mejorar iluminación en pasillos y halls. Reacondicionar tomacorrientes y colocar tapas ciegas en bocas fuera de uso."
8,7,Z7-005,305,ESC. NORMAL SUPERIOR DR. AGUSTIN GARZON AGULLA,,ALBAÑILERIA,2026-03-02,finalizado,Extraer y retirar tocón de árbol en vereda de ingreso.
9,7,Z7-006,314,J.DE INF. EDITH VERA (Bº ZEPA),,PLOMERIA,2026-03-03,finalizado,Limpieza y desobstrucción de pileta de piso en baño de alumnos.
10,7,Z7-007,314,J.DE INF. EDITH VERA (Bº ZEPA),2026010569,GAS,2026-03-03,finalizado,Reclamo por olor a gas en comedor. Revisar los artefactos de cocina por si presentan perdidas y realizar los ajustes necesarios.
11,7,Z7-008,314,J.DE INF. EDITH VERA (Bº ZEPA),2026010568,ELECTRICIDAD,2026-03-03,finalizado,Instalar 2 ventiladores de pared con sus respectivos tomas y llaves. Confirmar ubicación con directora (1 en SUM y 1 en hall de acceso ó ambos en hall de acceso)
12,7,Z7-009,315,ESCUELA JUANA AZURDUY B° (ZEPA A Y B),,PLOMERIA,2026-03-03,finalizado,Colocar tapón en caño de canilla de servicio exterior que presenta perdidas de agua.
13,7,Z7-010,315,ESCUELA JUANA AZURDUY B° (ZEPA A Y B),,ELECTRICIDAD,2026-03-03,finalizado,"Poner en funcionamiento el sistema de iluminación exterior y timbre del establecimiento.
- Reponer 4 luminarias ubicadas en el ingreso y las luminarias correspondientes a las torres de iluminación del patio.
- Reponer el timbre de ingreso a la escuela por uno nuevo."
14,7,Z7-011,315,ESCUELA JUANA AZURDUY B° (ZEPA A Y B),,PLOMERIA,2026-03-03,finalizado,"El establecimiento presenta funcionamiento normal del servicio de agua. Revisar pérdidas en cañería de alimentación de cisterna y en cañería de canilla de servicio de ingreso, y reponer cañerías y elementos afectados."
15,7,Z7-012,291,ESCUELA CANONIGO MANUEL AVELINO PIÑERO,2026010507,PLOMERIA,2026-03-03,finalizado,El establecimiento presenta funcionamiento normal del servicio de agua. Revisar bomba y tableros de bomba que se encuentra fuera de funcionamiento y tanques de agua rebalsados.
33,9,Z9-001,375,Escuela Victor Mercante,,HERRERIA,2026-03-02,finalizado,Se solicita completar el cerramiento en la parte de techo para mejorar la seguridad debido a que intentaron entrar a robar y las rompieron.
34,9,Z9-002,380,Escuela Jose Maria Bedoya,,ELECTRICIDAD,2026-03-03,finalizado,Colocar nuevo artefacto en sala de video y corroborar funcionamiento de electricidad.
35,9,Z9-003,382,IPEM 136 Alfredo Palacios,,PLOMERIA,2026-03-03,finalizado,Se solicita un oficial y un ayudante en plomería para desobstruir  inodoro y mingitorios que se encuentran tapados y cambiar descarga de bachas en baño de varones.
36,9,Z9-004,397,J.DE INF. TTE. GRAL. PABLO RICCHIERI,,PLOMERIA,2026-03-03,finalizado,"Se solicita la presencia de un oficial y un ayudante en plomería para llevar a cabo la reparación de la mochila del inodoro en el baño de la sala. Asimismo, se deberá proceder a la colocación de una llave de paso y al reemplazo de los flexibles de los inodoros."
37,9,Z9-005,399,Escuela Teniente General Palbo Ricchieri,,PLOMERÍA,2026-03-04,finalizado,Cambiar dos canillas pertenecientes a baños de varones.Desobstrucción de inodoro de baño varones.
38,9,Z9-006,410,ESCUELA EXPERIMENTAL CON ENFASIS EN TECNOLOGIAS DE LA INFORMACION Y LA COMUNICACION,,OTROS,2026-03-06,finalizado,Se solicita un oficial y ayudante especializado para la recarga de 7 aires acondicionados.
39,9,Z9-007,410,ESCUELA EXPERIMENTAL CON ENFASIS EN TECNOLOGIAS DE LA INFORMACION Y LA COMUNICACION,,ALBAÑILERÍA,2026-03-08,finalizado,"Colocar nuevos vidrios laminados pertenecientes a puerta de ingreso, ventana en baño, puerta de escape en planta baja, dos vidrios redondos en planta baja, ventana en comedor, dos de tipología redondas en purta de escape en planta baja, dos en ventanas de aulas y vidrios faltantes en circulación."
40,9,Z9-008,380,Escuela Jose Maria Bedoya,,PLOMERIA,2026-03-09,finalizado,Se solicita colocar nueva grifería en baño de personal ubicado en la cocina del establecimiento.
41,9,Z9-009,380,ESCUELA JOSE MARIA BEDOYA,,ELECTRICIDAD,2026-03-10,finalizado,Detectar cortorciuto en establecimiento
42,9,Z9-010,401,I.P.E.M. Nº 19 POETA OSCAR GUIÑAZU ALVAREZ,,PLOMERIA,2026-03-11,finalizado,"Ejecutar la conexión de agua del establecimiento educativo, contemplando la vinculación a la red existente, la provisión y colocación de cañerías, llaves de paso y accesorios necesarios, garantizando el correcto funcionamiento del sistema y la estanqueidad de la instalación."
43,9,Z9-011,407,ESCUELA JUAN DOMINGO PERON,,ELECTRICIDAD,2026-03-12,finalizado,Se solicita un oficial y ayudante eléctrico por corte de luz parcial en el establecimiento.
44,9,Z9-012,401,I.P.E.M. Nº 19 POETA OSCAR GUIÑAZU ALVAREZ,,ELECTRICIDAD,2026-03-13,finalizado,Reparar dos tomacorrientes de ventiladores en aulas que generan cortocircuito.
45,9,Z9-013,382,I.P.E.M. Nº 136 DR. ALFREDO L. PALACIOS,,ELECTRICIDAD,2026-03-09,finalizado,"Colocar nueva luminaria en aulas, sum y exterior del establecimiento, hacer ampliaciones electricas en aula planta baja y en sala multimedia ubicada en planta alta. Colocar ventiladores en todas las aulas y reparar tomacorrientes dañados."
46,9,Z9-014,389,ESCUELA PROVINCIA LA RIOJA,,OTROS,2026-02-25,pendiente,Colocar vidrio en puerta detrás de escalera
47,9,Z9-015,385,ESCUELA MONSEÑOR M. DE ANDREA,,OTROS,2026-02-25,pendiente,Colocar vidrios faltantes en aulas
48,9,Z9-016,400,J.DE INF. 9 DE JULIO,,OTROS,2026-02-25,pendiente,colocar 4 vidrios rotos en establecimiento
49,9,Z9-017,378,I.P.E.T. Nº 64 MALVINAS ARGENTINAS,,OTROS,2026-02-26,pendiente,Colocar vidrios faltantes en aulas.
50,9,Z9-018,383,ESCUELA 9 DE JULIO,,ALBAÑILERIA,2026-02-27,finalizado,Demoler revoques sueltos en patio de establecimiento y revocar nuevamente. Demoler ceramicos rotos en patio
51,9,Z9-019,402,I.P.E.M. Nº 15 SANTIAGO AYALA,,PLOMERIA,2026-02-28,finalizado,Sellar cañería de bomba de agua y cambiar codo de PVC. Cambiar pico de baño roto
52,9,Z9-020,384,ESCUELA JUAN M. DE PUEYRREDON,,OTROS,2026-02-26,pendiente,Colocar vidrio faltantes
53,9,Z9-021,385,ESCUELA MONSEÑOR M. DE ANDREA,,PLOMERIA,2026-02-27,finalizado,Reparación general de plomería
54,9,Z9-022,380,ESCUELA JOSE MARIA BEDOYA,,ELECTRICIDAD,2026-02-28,finalizado,Colocar reflectores en el ingreso del establecimiento
55,9,Z9-023,393,J.DE INF. JOSE MARIA BEDOYA,,ALBAÑILERIA,2026-03-01,finalizado,Reparar piso de sala por rotura y revocar paredes con revoques sueltos
56,9,Z9-024,389,ESCUELA PROVINCIA LA RIOJA,,ELECTRICIDAD,2026-03-02,finalizado,falla electrica
57,9,Z9-025,386,ESCUELA CORNELIO SAAVEDRA,,PLOMERIA,2026-03-02,finalizado,Reparar colector de tanque por rotura
59,9,Z9-027,396,J.DE INF. DR. LUIS AUGUSTO CAEIRO,,OTROS,2026-03-02,pendiente,Colocar vidrio faltante en cocina
60,9,Z9-028,383,ESCUELA 9 DE JULIO,,ELECTRICIDAD,2026-03-03,anulado,Se solicita oficial electrico por corte de luz
61,9,Z9-029,378,I.P.E.T. Nº 64 MALVINAS ARGENTINAS,,ELECTRICIDAD,2026-03-03,finalizado,Colocación integral de luminaria INT. EXT
62,9,Z9-030,383,ESCUELA 9 DE JULIO,,CUBIERTA,2026-03-03,finalizado,Impermeabilización en aula 9 del establecimiento
63,9,Z9-031,393,J.DE INF. JOSE MARIA BEDOYA,,ALBAÑILERIA,2026-03-03,finalizado,Llaves de albañilería en columna con rajaduras
64,9,Z9-032,380,ESCUELA JOSE MARIA BEDOYA,,PLOMERIA,2026-03-03,finalizado,Colocar dos tapas en tanques
65,9,Z9-033,407,ESCUELA JUAN DOMINGO PERON,,ELECTRICIDAD,2026-03-03,finalizado,Corte de luz parcial en el establecimiento
66,9,Z9-034,406,ESCUELA HEROES DE MALVINAS(EX-S/N BºI.P.V.-CNO.A VILLA POSSE,,PLOMERIA,2026-03-03,finalizado,Reacondicionamiento de baños y fijación de puertas y divisorios de cubículos
67,9,Z9-035,403,ESCUELA MADRE MARIA DEL TRANSITO,,PLOMERIA,2026-03-03,finalizado,Reacondicionamiento de baños y fijación de puertas y divisorios de cubículos
68,9,Z9-036,402,I.P.E.M. Nº 15 SANTIAGO AYALA,,PLOMERIA,2026-03-04,finalizado,"CAMBIAR PRESOSTATO TIPO PM5
CAMBIAR VALVULA DE NO RETORNO DE PLASTICO 1 PULGADA
COLOCAR SENSOR DE CISTERNA
HACER CONEXION PARA MANUAL DIRECTO EN TABLERO"
69,9,Z9-037,380,ESCUELA JOSE MARIA BEDOYA,,PLOMERIA,2026-03-05,finalizado,Desobstrucción de pluviales y cámaras de techo en sala de video
70,9,Z9-038,410,ESCUELA EXPERIMENTAL CON ENFASIS EN TECNOLOGIAS DE LA INFORMACION Y LA COMUNICACION,,OTROS,2026-03-05,finalizado,Colocar todos los vidrios faltantes en el establecimiento
71,9,Z9-039,406,ESCUELA HEROES DE MALVINAS(EX-S/N BºI.P.V.-CNO.A VILLA POSSE,,ELECTRICIDAD,2026-03-10,finalizado,Se solicita con urgencia la presencia de un oficial electrico para atender cables expuestos en el ingreso del establecimiento y colocar tres lamparas LED bulbo alta potencia 9000lm en SUM.
72,9,Z9-040,398,ESCUELA FRAY JUSTO SANTA MARIA DE ORO,,PLOMERIA,2026-03-10,finalizado,Realizar prueba hidráulica
73,9,Z9-041,375,ESCUELA VICTOR MERCANTE,,ALBAÑILERIA,2026-03-10,finalizado,"retirar todos los ceramicos de patio, pasillo y escaleras"
74,9,Z9-042,375,ESCUELA VICTOR MERCANTE,,HERRERIA,2026-03-10,pendiente,Cambiar puertas de baños por puertas metálicas en baño de mujeres y varones en planta alta.
75,9,Z9-043,381,J.DE INF. FRAY JUSTO SANTA MARIA DE ORO,,HERRERIA,2026-03-11,finalizado,Reparar portón de ingreso y agregar puerta en sector de rampa de discapacitados
76,9,Z9-044,398,ESCUELA FRAY JUSTO SANTA MARIA DE ORO,,OTROS,2026-03-11,pendiente,cambiar vidrio de ingreso que se encuentra roto
77,9,Z9-045,399,ESCUELA TENIENTE GENERAL PABLO RICCHIERI,,PLOMERIA,2026-03-12,finalizado,"Sellar cañería de provisión de agua de tanque, inodoro flojo y descarga de bacha en baño de varones"
78,9,Z9-046,403,ESCUELA MADRE MARIA DEL TRANSITO,,PLOMERIA,2026-03-12,finalizado,Cambiar cañería de bomba por termofusión por continuas roturas y filtraciones de la existente.
79,9,Z9-047,376,J.DE INF. PEDRO RUIZ DE GARIBAY,,PLOMERIA,2026-03-13,trabajando,reparar termotanque y Ejecutar dos rejillas pluviales con su correspondiente cañería en patio debido a continuas inundaciones.
80,9,Z9-048,389,ESCUELA PROVINCIA LA RIOJA,,PLOMERIA,2026-03-17,finalizado,Desobstrucción de piletas de patio de planta baja ubicadas en baños de mujeres y varones.
81,9,Z9-049,389,ESCUELA PROVINCIA LA RIOJA,,ELECTRICIDAD,2026-03-17,finalizado,Reparar sistema eléctrico en establecimiento por bajas de tensión y colocar 50 tubos LED 18W que se encuentran quemados
82,9,Z9-050,386,ESCUELA CORNELIO SAAVEDRA,,PLOMERIA,2026-03-19,finalizado,Reparación integral de los sanitarios
83,9,Z9-051,392,ESCUELA PRESIDENTE RIVADAVIA,,ELECTRICIDAD,2026-03-20,finalizado,"Colocación de tubos faltantes, reflectores y un toma"
84,9,Z9-052,392,ESCUELA PRESIDENTE RIVADAVIA,,PLOMERIA,2026-03-20,finalizado,arreglos sanitarios
85,9,Z9-053,379,ESCUELA ESTANISLAO DEL CAMPO,,PLOMERIA,2026-03-20,finalizado,Cambiar de cañerías por rotura en baños de nenas
86,9,Z9-054,384,ESCUELA JUAN M. DE PUEYRREDON,,ELECTRICIDAD,2026-03-20,finalizado,reponer tubos de luz y arreflar tomacorrientes pb
87,9,Z9-055,394,INSTITUTO DE ENSEÑANZA SUPERIOR SIMÓN BOLIVAR,,OTROS,2026-03-25,finalizado,Limpieza de filtros de aire acondicionado de 30.000 frigorias BGH
88,9,Z9-056,384,ESCUELA JUAN M. DE PUEYRREDON,,OTROS,2026-03-25,pendiente,Impermeabilizar circulación de establecimiento a comedor por continuas filtraciones
89,9,Z9-057,400,J.DE INF. 9 DE JULIO,,HERRERIA,2026-03-25,finalizado,Colocar bajadas pluviales y canaleta en sala por continua filtración dado a que las mismas no son de las dimensiones adecuadas
90,9,Z9-058,387,J.DE INF. JUAN M. PUEYRREDON,,ELECTRICIDAD,2026-03-25,finalizado,Colocar 12 tubos LED 18W y reparar tomacorriente de televisor
91,9,Z9-059,405,J.DE INF. HEROES DE MALVINAS(EX-DE BºI.P.V.CNO.A VILLA POSSE,,ELECTRICIDAD,2026-03-25,finalizado,Reponer 15 tubos LED 18W
92,9,Z9-060,390,J.DE INF. PROVINCIA LA RIOJA,,ELECTRICIDAD,2026-03-25,finalizado,"Reparar dos tomas exteriores, fijar tubos de luz que se encuentran desprendidos, reponer 4 tubos LED 18W, Cambiar llaves de luz de cocina de forma que quede más accesible, colocar tomacorrientes en cocina."
93,9,Z9-061,390,J.DE INF. PROVINCIA LA RIOJA,,ALBAÑILERIA,2026-03-25,trabajando,Revocar pared exterior donde se colocaron dos llaves de paso y ejecutar piso exterior con loseta de hormigón vibrado que conecte pereda perimetral existente con salida de emergencia
94,9,Z9-062,410,ESCUELA EXPERIMENTAL CON ENFASIS EN TECNOLOGIAS DE LA INFORMACION Y LA COMUNICACION,,OTROS,2026-03-26,finalizado,Se solicita con caracter de urgencia el presupuesto de la pintura exterior del establecimiento.
95,9,Z9-063,380,ESCUELA JOSE MARIA BEDOYA,,HERRERIA,2026-03-26,pendiente,Se solicita el sellado de chapas y colocar babetas en los encuentros con parapeto por continuas filtraciones en sala de dirección CENMA ubicada en planta alta
96,9,Z9-064,385,ESCUELA MONSEÑOR M. DE ANDREA,,ALBAÑILERIA,2026-03-27,finalizado,"Extraer 7 losetas que se encuentral en el perimetro de rejilla patio posterior y colocar nuevas. Ejecutar vereda de hormigón peinado que vincule ingreso con playón deportivo de 1,20m de ancho con sus respectivas juntas de dilatación cada 3 metros"
97,9,Z9-065,376,J.DE INF. PEDRO RUIZ DE GARIBAY,,ALBAÑILERIA,2026-03-27,finalizado,Ejecutar vereda perimetral de hormigón peinado en patio de 18.20m x 1.00m y colocar terminación de hormigón en juegos en forma de cono por mayor seguridad
98,9,Z9-066,401,I.P.E.M. Nº 19 POETA OSCAR GUIÑAZU ALVAREZ,,HERRERIA,2026-03-30,pendiente,Se solicita con urgencia reparar la puerta principal del establecimiento ya que se encuentra trabada.
99,9,Z9-067,402,I.P.E.M. Nº 15 SANTIAGO AYALA,,ELECTRICIDAD,2026-03-30,pendiente,Colocar 20 ventiladores dispuestos dos en cada aula del establecimiento.
100,9,Z9-068,403,ESCUELA MADRE MARIA DEL TRANSITO,,HERRERIA,2026-03-30,finalizado,Colocar cerradura nueva de puerta principal por acto de vandalismo y dos canastos para reflectores
101,9,Z9-069,403,ESCUELA MADRE MARIA DEL TRANSITO,,ELECTRICIDAD,2026-03-30,finalizado,Colocar dos reflectores nuevos en ingreso de establecimiento. NOTA: los mismos no se colocarán sin la posterior instalación inmediata de los canastos por continuos actos delictivos.
102,9,Z9-070,394,INSTITUTO DE ENSEÑANZA SUPERIOR SIMÓN BOLIVAR,,ELECTRICIDAD,2026-03-30,finalizado,Colocar 26 lamparas 14w ubicadas en pasillos y escalera
103,9,Z9-071,401,I.P.E.M. Nº 19 POETA OSCAR GUIÑAZU ALVAREZ,,PLOMERIA,2026-03-31,finalizado,"Desobstruir mingitorios baño de varones, reparar descarga de bachas en laboratorio y cantina por continuas perdidas"
104,9,Z9-072,410,ESCUELA EXPERIMENTAL CON ENFASIS EN TECNOLOGIAS DE LA INFORMACION Y LA COMUNICACION,,ELECTRICIDAD,2026-03-30,pendiente,Colocar ocho tomacorrientes dobles en dos aulas pertenecientes a primer piso. Colocar circuitos separados en cada aula a nuevo tablero seccional con su respectiva conexión a tablero general existente.
106,9,Z9-074,387,J.DE INF. JUAN M. PUEYRREDON,,ALBAÑILERIA,2026-03-31,finalizado,Podar recionalmente arbol de gran porte ubicado en el patio posterior del jardín. Se deberá dejar un espacio de 80 cm de las ramas con respecto a nivel de techo o medianera.
107,9,Z9-075,400,J.DE INF. 9 DE JULIO,,ALBAÑILERIA,2026-03-31,finalizado,Podar racionalmente arbol de porte mediano y otro chico ubicados en el patio delantero del jardín. Se deberá dejar un espacio de 80 cm de las ramas con respecto a nivel de techo o medianera.
108,9,Z9-076,380,ESCUELA JOSE MARIA BEDOYA,,ELECTRICIDAD,2026-04-01,finalizado,"Se solicita con carácter de urgencia la intervención de un oficial electricista para atender los inconvenientes eléctricos detectados en distintos sectores del establecimiento.
Resulta necesario realizar un relevamiento completo de la instalación a fin de identificar el origen de los cortes de suministro eléctrico, verificando el estado de los circuitos, conexiones y protecciones existentes.
Asimismo, se deberá elaborar un informe detallado con el diagnóstico de la situación y las posibles soluciones, el cual deberá ser remitido a inspección para su evaluación y posterior intervención."
109,9,Z9-077,376,J.DE INF. PEDRO RUIZ DE GARIBAY,,ELECTRICIDAD,2026-04-01,finalizado,Se solicita con carácter de urgencia la intervención de un oficial electricista ya que el establecimiento se encuentra sin luz.
110,9,Z9-078,399,ESCUELA TENIENTE GENERAL PABLO RICCHIERI,,ELECTRICIDAD,2026-04-01,finalizado,Colocar reflector en ingreso con su correspondiente canasto de seguridad y dos en patio interior. Verificar la ausencia de corriente electrica en pilar de luminaria exterior
111,9,Z9-079,399,ESCUELA TENIENTE GENERAL PABLO RICCHIERI,,PLOMERIA,2026-04-01,finalizado,"Se solicita un oficial de plomería en conjunto con inspección para realizar una evaluación general del sistema cloacal contemplando apertura de cámaras de inspección, séptica y estado de pozo absorbente con el fin de corroborar su correcto funcionamiento dado a hundimiento en sector."
112,9,Z9-080,402,I.P.E.M. Nº 15 SANTIAGO AYALA,,ALBAÑILERIA,2026-04-01,pendiente,Colocar placas de yeso en aula 1 (1.20x3.00m y 0.90x0.40) laboratorio (0.70x1.80; 0.80x0.90 ; 7 huecos de 0.40x0.40) aula de 6to (4.20x1.20m) y aula de 5to ( 2 parches de 0.60x0.50)
113,9,Z9-081,410,ESCUELA EXPERIMENTAL CON ENFASIS EN TECNOLOGIAS DE LA INFORMACION Y LA COMUNICACION,,ALBAÑILERIA,2026-04-01,finalizado,Colocar placas de yeso en los siguientes sectores: baño de mujeres planta alta cielorraso (1.50x0.30 + pintura látex) baño varones planta alta cielorraso (3.40x1.50 + pintura completa de cielorraso) aula 4to año (1.20x1.70 + pintura sintética del sector) aula sexto año (1.50x1.70 + 0.70x0.30 + 0.50x1.20 con pintura sintética en el sector intervenido) Baños mujeres planta baja cielorraso (3.60x1.50 + pintura látex cielorraso completo) baños varones planta baja masillado de cielorraso y pintura latex en cielorraso completo.
114,9,Z9-082,382,I.P.E.M. Nº 136 DR. ALFREDO L. PALACIOS,,GAS,2026-04-06,finalizado,Se solicita la presencia de un oficial gasista para reparar fuga de gas en cocina.
115,9,Z9-083,389,ESCUELA PROVINCIA LA RIOJA,,ALBAÑILERIA,2026-04-06,finalizado,Colocar diez losetas de hormigón que se encuentran rotas en el ingreso de la institución y revocar los arreglos en cañerías pertenecientes a planta baja y alta
116,9,Z9-084,403,ESCUELA MADRE MARIA DEL TRANSITO,,CUBIERTA,2026-04-07,trabajando,"Limpieza de canaleta, sellar babetas y caneleta, reparar bajada pluvial afectada y amplicar boquetas. Todos estos trabajos serán realizados en la canaleta ubicada en el frente del establecimiento. NOTA: Verificar el correcto escurrimiento del agua y la ausencia de filtraciones de agua una vez terminadas las tareas."
117,9,Z9-085,410,ESCUELA EXPERIMENTAL CON ENFASIS EN TECNOLOGIAS DE LA INFORMACION Y LA COMUNICACION,,HERRERIA,2026-04-08,finalizado,"Reparar cerradura de puerta principal de establecimiento, colocar rejilla en patio posterior, reparar puerta de acceso a simon bolivar y colocar puerta de medidor de gas."
118,9,Z9-086,395,ESCUELA DR. LUIS AUGUSTO CAEIRO,,ELECTRICIDAD,2026-04-08,finalizado,Se solicita un oficial eléctrico para reparar un circuito que tiene invertido en neutro con la fase.
119,9,Z9-087,378,I.P.E.T. Nº 64 MALVINAS ARGENTINAS,,PLOMERIA,2026-04-08,pendiente,Se solicita un oficial y ayudante en plomería para colocar dos nuevas rejillas de desague pluvial en patio y colocar bebederos en el pasillo en sector de baños con su respectiva cañería de agua.
120,9,Z9-088,386,ESCUELA CORNELIO SAAVEDRA,,ELECTRICIDAD,2026-04-08,finalizado,Se solicita oficial electrico por falta de luz en baños y sala de docentes
121,9,Z9-089,380,ESCUELA JOSE MARIA BEDOYA,,ELECTRICIDAD,2026-04-08,finalizado,"Se solicita la intervención de un oficial electricista debido al estado del tendido eléctrico en patio interno, el cual se encuentra caído.
Se deberá verificar si el mismo se encuentra en funcionamiento. En caso afirmativo, se procederá a la ejecución de un nuevo tendido eléctrico en el tramo afectado, incluyendo la colocación de cañería eléctrica y todos sus accesorios correspondientes, garantizando condiciones seguras y reglamentarias de instalación.
En caso de que el tendido no se encuentre en uso, se deberá realizar el retiro completo del mismo, adoptando todas las medidas de seguridad necesarias durante la ejecución de las tareas."
122,9,Z9-090,376,J.DE INF. PEDRO RUIZ DE GARIBAY,,PLOMERIA,2026-04-09,finalizado,"Se solicita un oficial en plomería para realizar los siguientes trabajos: desobstrucción de bachas en las dos salas de cuatro y tres, dos pérdidas de inodoro en sala de cinco y desobstrucción de PPA en cocina."
123,9,Z9-091,393,J.DE INF. JOSE MARIA BEDOYA,,PLOMERIA,2026-04-09,finalizado,Desobstrucción de pileta de patio perteneciente a bachas.
124,9,Z9-092,410,ESCUELA EXPERIMENTAL CON ENFASIS EN TECNOLOGIAS DE LA INFORMACION Y LA COMUNICACION,,HERRERIA,2026-04-10,finalizado,"Se solicita la colocación de babeta de zinguería en todo el perímetro del techo del primer piso, debido a que el mismo presenta filtraciones de agua.
Los trabajos deberán contemplar la correcta fijación y sellado de la babeta, garantizando la impermeabilidad en los encuentros entre cubierta y paramentos verticales, a fin de evitar futuros ingresos de agua."
125,9,Z9-093,410,ESCUELA EXPERIMENTAL CON ENFASIS EN TECNOLOGIAS DE LA INFORMACION Y LA COMUNICACION,,ALBAÑILERIA,2026-04-10,finalizado,Ejecutar buña en ultimo piso por fisura de unión de losas en todo su recorrido lineal y colocar perfil metálico sugetado en un solo extremo
126,9,Z9-094,378,I.P.E.T. Nº 64 MALVINAS ARGENTINAS,,HERRERIA,2026-04-10,finalizado,Se solicita acudir con urgencia al establecimiento para reparar bisagras de ingreso
127,9,Z9-095,377,J.DE INF. CORNELIO SAAVEDRA,,PLOMERIA,2026-04-13,pendiente,Reparar pérdida de agua en techo
128,9,Z9-096,399,ESCUELA TENIENTE GENERAL PABLO RICCHIERI,,OTROS,2026-04-14,pendiente,Tomar niveles interiores y exteriores con nivel optico con la presencia de inspección
129,9,Z9-097,394,INSTITUTO DE ENSEÑANZA SUPERIOR SIMÓN BOLIVAR,,ALBAÑILERIA,2026-04-14,pendiente,Reparar cerámico suelto de terraza y corroborar sellado entre las juntas el cual esta provocando filtraciones en el piso inferior
130,9,Z9-098,378,I.P.E.T. Nº 64 MALVINAS ARGENTINAS,,PLOMERIA,2026-04-15,pendiente,"Reparar mochila la cual no tiene ingreso de agua fría en baño de mujeres, levantar depósito en dos baños de docentes ya que no se puede levantar tapa y colocar dos bebederos con la ampliación de las cañerías de agua y descarga desde baño de varones."
131,9,Z9-099,410,ESCUELA EXPERIMENTAL CON ENFASIS EN TECNOLOGIAS DE LA INFORMACION Y LA COMUNICACION,,CUBIERTA,2026-04-15,finalizado,Limpieza de cubierta perteneciente a ingreso de establecimiento
132,9,Z9-100,381,J.DE INF. FRAY JUSTO SANTA MARIA DE ORO,,PLOMERIA,2026-04-16,finalizado,"Desobstrucción de bachas en sala de jardín, sellar bacha de cocina y reparar pérdida en inodoro."
133,9,Z9-101,375,ESCUELA VICTOR MERCANTE,,PLOMERIA,2026-04-16,finalizado,Cambiar descarga de inodoro de discapacitados
134,9,Z9-102,392,ESCUELA PRESIDENTE RIVADAVIA,,PLOMERIA,2026-04-17,trabajando,Reparar filtración de agua en pared en baño de docentes planta baja que esta causando humedad en las paredes y desprendimiento de cerámicos
135,9,Z9-103,399,ESCUELA TENIENTE GENERAL PABLO RICCHIERI,,PLOMERIA,2026-04-17,finalizado,Cambiar tramo de cañería de agua saliente de tanque el cual se encuentra roto
136,9,Z9-104,376,J.DE INF. PEDRO RUIZ DE GARIBAY,,HERRERIA,2026-04-21,finalizado,"Reparar persianas de madera ubicadas en salas de jardín ya que se cayó taparrollo, se ubican en sala de 5 verde, amarilla y una de sala de 4 naranja"
137,9,Z9-105,401,I.P.E.M. Nº 19 POETA OSCAR GUIÑAZU ALVAREZ,,HERRERIA,2026-04-21,pendiente,Fijar divisores y puertas de baño de mujeres y varones
138,9,Z9-106,386,ESCUELA CORNELIO SAAVEDRA,,HERRERIA,2026-04-21,finalizado,Reparar mástil de establecimiento
139,9,Z9-107,397,J.DE INF. TTE. GRAL. PABLO RICCHIERI,,ALBAÑILERIA,2026-04-21,pendiente,Sellar unión de embudo con cañería de desagüe pluvial en aula aurora
140,9,Z9-108,382,I.P.E.M. Nº 136 DR. ALFREDO L. PALACIOS,,OTROS,2026-04-23,trabajando,"Se solicita la elaboración de un informe estructural por parte de un profesional habilitado, a fin de realizar un diagnóstico del estado de los dinteles de puertas, en virtud de las fisuras detectadas en los muros. Dicho informe deberá evaluar las posibles causas, el grado de compromiso estructural y proponer las medidas correctivas correspondientes."
141,9,Z9-109,388,J.DE INF. MONSEÑOR N. DE ANDREA,,PLOMERIA,2026-04-23,finalizado,Cambiar cañería de agua perteneciente a subida a tanque
142,9,Z9-110,389,ESCUELA PROVINCIA LA RIOJA,,OTROS,2026-04-23,finalizado,Limpiar de rejillas pluviales en patio delantero
143,9,Z9-111,410,ESCUELA EXPERIMENTAL CON ENFASIS EN TECNOLOGIAS DE LA INFORMACION Y LA COMUNICACION,,CUBIERTA,2026-04-23,finalizado,Sellar canaleta de techo de chapa y verificar el correcto escurrimiento del agua a desague pluvial.
144,9,Z9-112,410,ESCUELA EXPERIMENTAL CON ENFASIS EN TECNOLOGIAS DE LA INFORMACION Y LA COMUNICACION,,OTROS,2026-04-23,finalizado,NOTIFICACIÓN
145,9,Z9-113,409,ESCUELA HOSPITALARIA ATRAPASUEÑOS,,ALBAÑILERIA,2026-04-23,finalizado,Preparar paredes y pintar baños los cuales presentan humedades ya reparadas
146,9,Z9-114,409,ESCUELA HOSPITALARIA ATRAPASUEÑOS,,HERRERIA,2026-04-23,finalizado,"Sellar canaletas, bajadas pluviales y chapas el cual presenta filtraciones en sala 2 y cocina."
147,9,Z9-115,409,ESCUELA HOSPITALARIA ATRAPASUEÑOS,,HERRERIA,2026-04-23,finalizado,Colocar reja en ventana de ingreso de 1.80x2.45 de iguales características a las existentes.
148,9,Z9-116,407,ESCUELA JUAN DOMINGO PERON,,GAS,2026-04-24,trabajando,"Reparar calefactores de aulas, los mismos no encienden"
149,9,Z9-117,408,J.DE INF. VICEGOBERNADOR ATILIO LOPEZ DE Bº CIUDAD EVITA,,GAS,2026-04-24,trabajando,Reparar terrmotanque
150,9,Z9-118,386,ESCUELA CORNELIO SAAVEDRA,,ELECTRICIDAD,2026-04-24,pendiente,Reparar corto electrico en baños
151,9,Z9-119,406,ESCUELA HEROES DE MALVINAS(EX-S/N BºI.P.V.-CNO.A VILLA POSSE,,PLOMERIA,2026-04-27,finalizado,Reparar perdida constante de agua en el baño de nenas y varones debido a dos mochilas rotas.
152,9,Z9-120,392,ESCUELA PRESIDENTE RIVADAVIA,,PLOMERIA,2026-04-29,finalizado,"Mingitorio descalzado, cambiar fuelle baño varones, dos descargas de mingitorios PA y PB, colocar descarga de baño bacha, fijar minitorio flojo."
153,9,Z9-121,383,ESCUELA 9 DE JULIO,,PLOMERIA,2026-04-29,finalizado,Desobstruir dos inodoros
154,9,Z9-122,385,ESCUELA MONSEÑOR M. DE ANDREA,,PLOMERIA,2026-04-29,pendiente,"Cambiar base de asinto de inodoro baño varones, reparar baño de docentes por perdida en fuelle"
155,9,Z9-123,398,ESCUELA FRAY JUSTO SANTA MARIA DE ORO,,ELECTRICIDAD,2026-04-29,pendiente,Reponer tubos faltantes en pasillo y aulas
156,9,Z9-124,399,ESCUELA TENIENTE GENERAL PABLO RICCHIERI,,ELECTRICIDAD,2026-04-29,pendiente,Colocar luminaria faltante en pasillos y aulas
157,9,Z9-125,403,ESCUELA MADRE MARIA DEL TRANSITO,,PLOMERIA,2026-04-30,pendiente,"Se solicita colocar sobrerete en cocina, desobstruir cámara de inspección perteneciente a patio interno, cambiar tapa de hormigón con marco en cámara de inspección de ingreso lateral y reparar mochilas de baños que se encuentran caidas."
158,9,Z9-126,380,ESCUELA JOSE MARIA BEDOYA,,ALBAÑILERIA,2026-04-30,pendiente,"Demoler piso perteneciente a patio de cisternas (7mx 6,5m) y limpiar patio luego de realizar las tareas."
159,9,Z9-127,409,ESCUELA HOSPITALARIA ATRAPASUEÑOS,,ELECTRICIDAD,2026-04-30,pendiente,Se solicita un oficial electrico y ayudante para colocar dos reflectores con canasto de protección en sector posterior de establecimiento y reparar llaves de luz de baños.
160,9,Z9-128,379,ESCUELA ESTANISLAO DEL CAMPO,,ALBAÑILERIA,2026-04-30,pendiente,"Impermeanilizar parapeto entre cambios de losa en comedor por filtraciones, revocar paredes de baños que se encuentran con con antiguas humedades ya reparadas y pintar sectores afectados."
161,9,Z9-129,379,ESCUELA ESTANISLAO DEL CAMPO,,ALBAÑILERIA,2026-05-30,trabajando,"Cercado perimetral, apuntalamiento e informe técnico"
162,9,Z9-130,389,ESCUELA PROVINCIA LA RIOJA,,ELECTRICIDAD,2026-05-30,trabajando,Elaborar un informe técnico sombre el estado actual del circuito eléctrico en los sectores afectados en planta baja y presupuesto de las tareas a realizar con el fin de garantizar el correcto funcionamiento de los circuitos eléctricos
163,9,Z9-131,410,ESCUELA EXPERIMENTAL CON ENFASIS EN TECNOLOGIAS DE LA INFORMACION Y LA COMUNICACION,,ALBAÑILERIA,2026-05-30,finalizado,"Reemplazar los dos desagues pluviales existentes con cañerías de PVC 110, sellar fisuras e impermeabilizar con membrana líquida el techo y parapetos correspondiente a galería de ingreso (59m2)."
164,9,Z9-132,383,ESCUELA 9 DE JULIO,,HERRERIA,2026-05-04,pendiente,Reparar mástil de escuela
165,9,Z9-133,397,J.DE INF. TTE. GRAL. PABLO RICCHIERI,,GAS,2026-05-04,pendiente,Reparar calefactores de aulas.
166,9,Z9-134,378,I.P.E.T. Nº 64 MALVINAS ARGENTINAS,,ELECTRICIDAD,2026-05-04,finalizado,"Reestablecer suministro eléctrico de distintos sectores del establecimiento que permanecen sin suministro eléctrico, así como también un desbalance de fases que afecta el normal funcionamiento de distintos espacios escolares"
167,9,Z9-135,386,ESCUELA CORNELIO SAAVEDRA,,PLOMERIA,2026-05-04,trabajando,"Cambiar mochila en baño de nenas y sellar descarga adecuadamente, cambiar kit de pulsador de mochila en baño de varones y uno en baño de docentes"
168,9,Z9-136,381,J.DE INF. FRAY JUSTO SANTA MARIA DE ORO,,ELECTRICIDAD,2026-05-04,pendiente,Reparar enchufe de cocina
169,9,Z9-137,405,J.DE INF. HEROES DE MALVINAS(EX-DE BºI.P.V.CNO.A VILLA POSSE,,HERRERIA,2026-05-04,pendiente,"Realizar la colocación y soldadura de chapas metálicas provistas por el establecimiento, en la estructura del semicubierto del patio, con el fin de reforzar la seguridad y evitar posibles intrusiones o robos"
170,9,Z9-138,405,J.DE INF. HEROES DE MALVINAS(EX-DE BºI.P.V.CNO.A VILLA POSSE,,PLOMERIA,2026-05-05,finalizado,"Sellar sifón de cocina el cual presenta pérdidas y cambiar grifería de bacha en cocina, cambiar kit de mochila en aula de 5, sellar marmol de sala de 3 que se encuentra suelto, reparar perdida de bacha en la de 4."
171,9,Z9-139,402,I.P.E.M. Nº 15 SANTIAGO AYALA,,HERRERIA,2026-05-05,pendiente,"Quitar soldadura de reja de ingreso y reparar su cerradura, reparar mástil en patio, reparar pestillo de puerta metalica en ingreso y puerta metálica de pasillo la cual se traba"
172,9,Z9-140,401,I.P.E.M. Nº 19 POETA OSCAR GUIÑAZU ALVAREZ,,ELECTRICIDAD,2026-05-05,finalizado,Acudir por falla electrica no hay luz en aulas
173,9,Z9-141,382,I.P.E.M. Nº 136 DR. ALFREDO L. PALACIOS,,PLOMERIA,2026-05-07,finalizado,Se solicita acudir con urgencia por falta de suministro de agua en el establecimiento.
174,9,Z9-142,385,ESCUELA MONSEÑOR M. DE ANDREA,,PLOMERIA,2026-05-07,finalizado,desobstruir pileta de patio de cocina y pileta de patio de baños
175,9,Z9-143,405,J.DE INF. HEROES DE MALVINAS(EX-DE BºI.P.V.CNO.A VILLA POSSE,,ELECTRICIDAD,2026-05-07,pendiente,"Cambiar tubos de luz rotos o faltantes de circulación, salas y baño."
176,9,Z9-144,407,ESCUELA JUAN DOMINGO PERON,,ELECTRICIDAD,2026-05-07,pendiente,"Colocar dos reflectores con canasto de pretección en el ingreso, reparar luminaria que se encuentra en corto en ingreso y reponer tubo LED, reparar comedor el cual se encuentra sin suministro electrico, colocar luces bulb en SUM."
177,9,Z9-145,407,ESCUELA JUAN DOMINGO PERON,,PLOMERIA,2026-05-07,trabajando,"Reparar suministro de agua de inodoro de discapacitados el cual se encuentra suelto, reparar dos pulsadores de baños, sellar bachas de baño de nenas."
178,9,Z9-146,407,ESCUELA JUAN DOMINGO PERON,,HERRERIA,2026-05-07,pendiente,Reparar ventanas de SUM las cuales se encuentran trabadas
179,9,Z9-147,385,ESCUELA MONSEÑOR M. DE ANDREA,,ELECTRICIDAD,2026-05-07,pendiente,"Reparar enchufes que se encuentran en cortocircuito, retirar cables sin tensión en ingreso."
180,9,Z9-148,410,ESCUELA EXPERIMENTAL CON ENFASIS EN TECNOLOGIAS DE LA INFORMACION Y LA COMUNICACION,,PLOMERIA,2026-03-03,finalizado,Reparación general de plomería
181,9,Z9-149,392,ESCUELA PRESIDENTE RIVADAVIA,,ALBAÑILERIA,2026-05-08,pendiente,"Realizar la demolición del cielorraso suelto existente en el pasillo de planta baja, retirando todo material con riesgo de desprendimiento. Posteriormente, se procederá a la preparación de la superficie mediante la aplicación de un puente de adherencia y, una vez acondicionado el soporte, se ejecutará nuevamente el revoque correspondiente, a fin de garantizar su correcta fijación y evitar eventuales caídas de material. Finalmente se pintara solo en los metros intervenidos."
182,9,Z9-150,378,I.P.E.T. Nº 64 MALVINAS ARGENTINAS,,ELECTRICIDAD,2026-05-08,pendiente,Realizar informe electrico del estado actual del establecimiento y presupuesto de las intervenciones a realizar para el correcto funcionamiento de la instalación.
183,9,Z9-151,377,J.DE INF. CORNELIO SAAVEDRA,,PLOMERIA,2026-05-11,pendiente,Colocar tapa faltante en tanque de agua.
184,9,Z9-152,395,ESCUELA DR. LUIS AUGUSTO CAEIRO,,ELECTRICIDAD,2026-05-11,pendiente,"Reparar temporizador de timbre, agregar un artefacto de iluminación en dirección y en sala de docentes, reparar enchufe en dirección y colocar dos reflectores en patio posterior con su respectivo canasto de protección."
185,9,Z9-153,395,ESCUELA DR. LUIS AUGUSTO CAEIRO,,HERRERIA,2026-05-11,pendiente,"Reparar reja de biblioteca ya que no cierra adecuadamente, reparar cerradura de aula 2do, 3ro, 4to grado y educación fisica. Colocar malla metálica en patio de luz sobre estructura metálica existente con el fin de evitar actos de vandalismo."
186,9,Z9-154,380,ESCUELA JOSE MARIA BEDOYA,,PLOMERIA,2026-05-13,pendiente,Se solicita acudir con urgencia al establecimiento por falta de suministro de agua.
187,9,Z9-155,406,ESCUELA HEROES DE MALVINAS(EX-S/N BºI.P.V.-CNO.A VILLA POSSE,,PLOMERIA,2026-05-13,pendiente,"Se solicita acudir al establecimiento con el fin de desobstruir la cañería cloacal del baño de docentes, incluyendo verificación de descarga de inodoro y rejilla de piso."
188,9,Z9-156,376,J.DE INF. PEDRO RUIZ DE GARIBAY,,OTROS,2026-05-13,pendiente,"Cambiar vidrio en la sala de 4 años el cual se encuentra rajado por vidrio laminado, cambiar espejos de baños en sala de 3 y 5 de iguales dimensiones a los existentes."
189,9,Z9-157,389,ESCUELA PROVINCIA LA RIOJA,,ALBAÑILERIA,2026-05-13,pendiente,Ejecutar muro de mampostería en medianera de escuela de 2m x 1.60m y volver a colocar mampostería suelta en lo largo de la misma pared.
190,9,Z9-158,389,ESCUELA PROVINCIA LA RIOJA,,HERRERIA,2026-05-13,pendiente,"Soldar y colocar malla metálica en portón de patio interno, colocar candado en portón de ingreso principal y ejecutar rejillas las cuales se encuentran rotas al lado de huerta de 0.60mx2m."
191,9,Z9-159,403,ESCUELA MADRE MARIA DEL TRANSITO,,PLOMERIA,2026-05-13,trabajando,"Reparar mochila de baño de docentes, colocar válvula de descarga en primer baño de nenas y colocar canilla de servicio en patio delantero."
192,9,Z9-160,375,ESCUELA VICTOR MERCANTE,,ALBAÑILERIA,2026-05-13,pendiente,Colocar divisiorio de durlock bajo escalera.
193,9,Z9-161,385,ESCUELA MONSEÑOR M. DE ANDREA,,PLOMERIA,2026-05-14,pendiente,"Se solicita demoler piso existente en el sector de intervención en sistema cloacal, excavar para la instalación de una nueva cámara grasera destinada a la recepción y tratamiento primario de los efluentes provenientes del sector cocina. Asimismo, se construirá una nueva cámara de inspección, la cual actualmente se encuentra rota y se colocará la cañería correspondiente para la vinculación del sistema a la red cloacal existente del establecimiento.
Las nuevas instalaciones sanitarias se ejecutarán conforme a las pendientes reglamentarias y la correcta estanqueidad de las conexiones, empleando materiales aptos para instalaciones cloacales, además se colocará un cercado rígido perimetral durante todo el desarrollo de las obras.
Adicionalmente, se realizará la anulación definitiva de la cámara séptica existente, procediendo previamente a su vaciado y limpieza en caso de corresponder. Posteriormente, dicha cámara será rellenada con material de descarte y escombros compactados, asegurando la eliminación de cavidades y evitando futuros asentamientos del terreno."
194,9,Z9-162,385,ESCUELA MONSEÑOR M. DE ANDREA,,ALBAÑILERIA,2026-05-14,pendiente,Colocar losetas cementicias en el área intervenida en desagues cloacales. Por otro lado demoler y colocar nuevos cerámicos en bachas de nenas y varones.
195,9,Z9-163,395,ESCUELA DR. LUIS AUGUSTO CAEIRO,,CUBIERTA,2026-05-14,pendiente,"Se realizará el retiro de la membrana existente en la losa donde se encuentra el tanque de agua sobre el comedor, efectuando previamente la limpieza y preparación de la superficie. Posteriormente, se ejecutarán nuevas pendientes para asegurar el correcto escurrimiento del agua hacia los techos laterales, evitando filtraciones existentes en el sector.
Finalizadas dichas tareas, se impermeabilizará la totalidad del área intervenida mediante membrana geotextil, cubriendo parapetos, encuentros y salientes.
Asimismo, en el techo del sector cocina se efectuará la limpieza e hidrolavado de la superficie para luego proceder a su correspondiente impermeabilización."
196,9,Z9-164,399,ESCUELA TENIENTE GENERAL PABLO RICCHIERI,,PLOMERIA,2026-05-18,pendiente,"Se solicita reparar pérdidas en fuelles de inodoros de nenas y varones, cambiar inodoro de baño de varones.Colocar rejillas de piletas de patio faltantes."
197,9,Z9-165,399,ESCUELA TENIENTE GENERAL PABLO RICCHIERI,,HERRERIA,2026-05-18,pendiente,Colocar seis cerraduras que se encuentran rotas pertenecientes a ingreso de aulas.
198,9,Z9-166,399,ESCUELA TENIENTE GENERAL PABLO RICCHIERI,,ELECTRICIDAD,2026-05-18,pendiente,"Colocar 20 tubos LED faltantes en el establecimiento, colocar nuevos reflectores que se encuentran sin funcionar con su respectivo canasto de protección y verificar la ausencia de corriente en pilar de luz en patio inerior."
199,9,Z9-167,410,ESCUELA EXPERIMENTAL CON ENFASIS EN TECNOLOGIAS DE LA INFORMACION Y LA COMUNICACION,,ALBAÑILERIA,2026-05-18,pendiente,Sellar encuentro de escaleras exteriores con muro por ingreso de agua.
200,9,Z9-168,410,ESCUELA EXPERIMENTAL CON ENFASIS EN TECNOLOGIAS DE LA INFORMACION Y LA COMUNICACION,,PLOMERIA,2026-05-18,pendiente,"Colocar nueva canilla en bacha previo al ingreso de baño de varones, instalar nueva canilla de servicio debajo de la misma y cambiar un fuelle de inodoro, todos los trabajos se desarrollan en el piso inferior del establecimiento."
201,9,Z9-169,380,ESCUELA JOSE MARIA BEDOYA,,PLOMERIA,2026-05-18,pendiente,"Cambiar dos fuelles y fijar un inodoro en baño de varones planta alta, cambiar flotante eléctrico de tanque, colocar tuercas de bronce en baño de nenas planta alta con el fin de fijarlas, colocar canilla de servicio en sala de plástica, cambiar canilla y desobstruir fuelle en baño de docentes, sellar bacha de cocina, cambiar pico de canilla y fijar mochila de inodoro pertenecientes a cocina planta baja."
202,9,Z9-170,380,ESCUELA JOSE MARIA BEDOYA,,OTROS,2026-05-19,pendiente,"Instalar una nueva bomba de 1,5 HP y verificar del correcto funcionamiento de la totalidad de los sensores del sistema."
